{
  "subjects": [
    "ANATOMY",
    "PHYSIOLOGY",
    "BIOCHEMISTRY",
    "PATHOLOGY",
    "MICROBIOLOGY",
    "PHARMACOLOGY",
    "OPTHALMOLOGY",
    "ENT",
    "COMMED",
    "FORENSIC MED",
    "MEDICINE",
    "SURGERY",
    "OBG",
    "PEDIATRICS",
    "ORTHOPEDICS",
    "ANESTHESIOLOGY",
    "RADIOLOGY",
    "DERMATOLOGY",
    "PSYCHIATRY"
  ],
  "columns": [
    "S.no",
    "Topic name",
    "Correct Reviews",
    "Wrong Reviews",
    "Date last reviewed",
    "MCQIDS"
  ],
  "analysis_features": {
    "columns": [
      "Subject",
      "Total Correct Reviews",
      "Total Wrong Reviews",
      "Accuracy (%)",
      "Unnamed: 4"
    ],
    "has_pie_chart": true,
    "sections": [
      "Not Frequently Revised Topics",
      "Topics with Accuracy < 85%"
    ]
  }
}