{
  "ANATOMY": {
    "topic_count": 71,
    "sample_topics": [
      {
        "S.no": 1,
        "Topic name": "Basics & General Anatomy",
        "Correct Reviews": 1,
        "Wrong Reviews": 0,
        "Date last reviewed": NaN,
        "MCQIDS": NaN
      },
      {
        "S.no": 2,
        "Topic name": "Joints",
        "Correct Reviews": 1,
        "Wrong Reviews": 0,
        "Date last reviewed": NaN,
        "MCQIDS": NaN
      },
      {
        "S.no": 3,
        "Topic name": "Muscles (cadaveric image) & movements",
        "Correct Reviews": 1,
        "Wrong Reviews": 0,
        "Date last reviewed": NaN,
        "MCQIDS": NaN
      },
      {
        "S.no": 4,
        "Topic name": "Head & Neck",
        "Correct Reviews": 1,
        "Wrong Reviews": 0,
        "Date last reviewed": NaN,
        "MCQIDS": NaN
      },
      {
        "S.no": 5,
        "Topic name": "Cranial nerves",
        "Correct Reviews": 1,
        "Wrong Reviews": 0,
        "Date last reviewed": NaN,
        "MCQIDS": NaN
      }
    ]
  },
  "PHYSIOLOGY": {
    "topic_count": 42,
    "sample_topics": [
      {
        "S.no": 1,
        "Topic name": "Body Water & Cell Membrane",
        "Correct Reviews": 1,
        "Wrong Reviews": 0,
        "Date last reviewed": NaN,
        "MCQIDS": NaN
      },
      {
        "S.no": 2,
        "Topic name": "Body water distribution",
        "Correct Reviews": 1,
        "Wrong Reviews": 0,
        "Date last reviewed": NaN,
        "MCQIDS": NaN
      },
      {
        "S.no": 3,
        "Topic name": "Transport across cell membrane",
        "Correct Reviews": 1,
        "Wrong Reviews": 0,
        "Date last reviewed": NaN,
        "MCQIDS": NaN
      },
      {
        "S.no": 4,
        "Topic name": "Resting Membrane Potential (RMP) & Action Potential (AP) in nerves, nodal tissue, and cardiomyocytes",
        "Correct Reviews": 1,
        "Wrong Reviews": 0,
        "Date last reviewed": NaN,
        "MCQIDS": NaN
      },
      {
        "S.no": 5,
        "Topic name": "Nerve & Muscle Physiology",
        "Correct Reviews": 1,
        "Wrong Reviews": 0,
        "Date last reviewed": NaN,
        "MCQIDS": NaN
      }
    ]
  },
  "BIOCHEMISTRY": {
    "topic_count": 23,
    "sample_topics": [
      {
        "S.no": 1,
        "Topic name": "Glycogen Storage Diseases",
        "Correct Reviews": 1,
        "Wrong Reviews": 0,
        "Date last reviewed": NaN,
        "MCQIDS": NaN
      },
      {
        "S.no": 2,
        "Topic name": "DNA Repair Mechanisms",
        "Correct Reviews": 1,
        "Wrong Reviews": 0,
        "Date last reviewed": NaN,
        "MCQIDS": NaN
      },
      {
        "S.no": 3,
        "Topic name": "Enzyme Kinetics and Inhibition",
        "Correct Reviews": 1,
        "Wrong Reviews": 0,
        "Date last reviewed": NaN,
        "MCQIDS": NaN
      },
      {
        "S.no": 4,
        "Topic name": "PCR and Molecular Techniques",
        "Correct Reviews": 1,
        "Wrong Reviews": 0,
        "Date last reviewed": NaN,
        "MCQIDS": NaN
      },
      {
        "S.no": 5,
        "Topic name": "Epigenetics",
        "Correct Reviews": 1,
        "Wrong Reviews": 0,
        "Date last reviewed": NaN,
        "MCQIDS": NaN
      }
    ]
  },
  "PATHOLOGY": {
    "topic_count": 17,
    "sample_topics": [
      {
        "S.no": 1,
        "Topic name": "1. Mechanisms of cell death",
        "Correct Reviews": 1,
        "Wrong Reviews": 0,
        "Date last reviewed": NaN,
        "MCQIDS": NaN
      },
      {
        "S.no": 2,
        "Topic name": "2. Apoptosis",
        "Correct Reviews": 1,
        "Wrong Reviews": 0,
        "Date last reviewed": NaN,
        "MCQIDS": NaN
      },
      {
        "S.no": 3,
        "Topic name": "3. Pyroptosis",
        "Correct Reviews": 1,
        "Wrong Reviews": 0,
        "Date last reviewed": NaN,
        "MCQIDS": NaN
      },
      {
        "S.no": 4,
        "Topic name": "4. Necroptosis",
        "Correct Reviews": 1,
        "Wrong Reviews": 0,
        "Date last reviewed": NaN,
        "MCQIDS": NaN
      },
      {
        "S.no": 5,
        "Topic name": "5. Inflammatory Mediators",
        "Correct Reviews": 1,
        "Wrong Reviews": 0,
        "Date last reviewed": NaN,
        "MCQIDS": NaN
      }
    ]
  },
  "MICROBIOLOGY": {
    "topic_count": 41,
    "sample_topics": [
      {
        "S.no": 1,
        "Topic name": "General Microbiology",
        "Correct Reviews": 1,
        "Wrong Reviews": 0,
        "Date last reviewed": NaN,
        "MCQIDS": NaN
      },
      {
        "S.no": 2,
        "Topic name": "Microscopes",
        "Correct Reviews": 1,
        "Wrong Reviews": 0,
        "Date last reviewed": NaN,
        "MCQIDS": NaN
      },
      {
        "S.no": 3,
        "Topic name": "Sterilization and disinfection",
        "Correct Reviews": 1,
        "Wrong Reviews": 0,
        "Date last reviewed": NaN,
        "MCQIDS": NaN
      },
      {
        "S.no": 4,
        "Topic name": "Culture media",
        "Correct Reviews": 1,
        "Wrong Reviews": 0,
        "Date last reviewed": NaN,
        "MCQIDS": NaN
      },
      {
        "S.no": 5,
        "Topic name": "Bacterial morphology and staining techniques",
        "Correct Reviews": 1,
        "Wrong Reviews": 0,
        "Date last reviewed": NaN,
        "MCQIDS": NaN
      }
    ]
  },
  "PHARMACOLOGY": {
    "topic_count": 46,
    "sample_topics": [
      {
        "S.no": 1,
        "Topic name": "General Pharmacology",
        "Correct Reviews": 1,
        "Wrong Reviews": 0,
        "Date last reviewed": NaN,
        "MCQIDS": NaN
      },
      {
        "S.no": 2,
        "Topic name": "Dose-Response Curve (DRC)",
        "Correct Reviews": 1,
        "Wrong Reviews": 0,
        "Date last reviewed": NaN,
        "MCQIDS": NaN
      },
      {
        "S.no": 3,
        "Topic name": "Clinical Trials",
        "Correct Reviews": 1,
        "Wrong Reviews": 0,
        "Date last reviewed": NaN,
        "MCQIDS": NaN
      },
      {
        "S.no": 4,
        "Topic name": "Receptors",
        "Correct Reviews": 1,
        "Wrong Reviews": 0,
        "Date last reviewed": NaN,
        "MCQIDS": NaN
      },
      {
        "S.no": 5,
        "Topic name": "Autonomic Nervous System (ANS)",
        "Correct Reviews": 1,
        "Wrong Reviews": 0,
        "Date last reviewed": NaN,
        "MCQIDS": NaN
      }
    ]
  },
  "OPTHALMOLOGY": {
    "topic_count": 3,
    "sample_topics": [
      {
        "S.no": 1,
        "Topic name": "A",
        "Correct Reviews": 1,
        "Wrong Reviews": 0,
        "Date last reviewed": NaN,
        "MCQIDS": NaN
      },
      {
        "S.no": 2,
        "Topic name": "B",
        "Correct Reviews": 1,
        "Wrong Reviews": 0,
        "Date last reviewed": NaN,
        "MCQIDS": NaN
      },
      {
        "S.no": 3,
        "Topic name": "C",
        "Correct Reviews": 1,
        "Wrong Reviews": 0,
        "Date last reviewed": NaN,
        "MCQIDS": NaN
      }
    ]
  },
  "ENT": {
    "topic_count": 33,
    "sample_topics": [
      {
        "S.no": 1,
        "Topic name": "Otitis media with effusion",
        "Correct Reviews": 1,
        "Wrong Reviews": 0,
        "Date last reviewed": NaN,
        "MCQIDS": NaN
      },
      {
        "S.no": 2,
        "Topic name": "M\u00e9ni\u00e8re\u2019s disease",
        "Correct Reviews": 1,
        "Wrong Reviews": 0,
        "Date last reviewed": NaN,
        "MCQIDS": NaN
      },
      {
        "S.no": 3,
        "Topic name": "Otosclerosis",
        "Correct Reviews": 1,
        "Wrong Reviews": 0,
        "Date last reviewed": NaN,
        "MCQIDS": NaN
      },
      {
        "S.no": 4,
        "Topic name": "WHO classification of hearing loss",
        "Correct Reviews": 1,
        "Wrong Reviews": 0,
        "Date last reviewed": NaN,
        "MCQIDS": NaN
      },
      {
        "S.no": 5,
        "Topic name": "Inner and outer hair cells in the cochlea",
        "Correct Reviews": 1,
        "Wrong Reviews": 0,
        "Date last reviewed": NaN,
        "MCQIDS": NaN
      }
    ]
  },
  "COMMED": {
    "topic_count": 105,
    "sample_topics": [
      {
        "S.no": 1,
        "Topic name": "History of Medicine",
        "Correct Reviews": 1,
        "Wrong Reviews": 0,
        "Date last reviewed": NaN,
        "MCQIDS": NaN
      },
      {
        "S.no": 2,
        "Topic name": "Opium trade by China",
        "Correct Reviews": 1,
        "Wrong Reviews": 0,
        "Date last reviewed": NaN,
        "MCQIDS": NaN
      },
      {
        "S.no": 3,
        "Topic name": "Discoveries",
        "Correct Reviews": 1,
        "Wrong Reviews": 0,
        "Date last reviewed": NaN,
        "MCQIDS": NaN
      },
      {
        "S.no": 4,
        "Topic name": "Concepts of Health & Disease",
        "Correct Reviews": 1,
        "Wrong Reviews": 0,
        "Date last reviewed": NaN,
        "MCQIDS": NaN
      },
      {
        "S.no": 5,
        "Topic name": "HDI, MDPI",
        "Correct Reviews": 1,
        "Wrong Reviews": 0,
        "Date last reviewed": NaN,
        "MCQIDS": NaN
      }
    ]
  },
  "FORENSIC MED": {
    "topic_count": 8,
    "sample_topics": [
      {
        "S.no": 1,
        "Topic name": "Inquest",
        "Correct Reviews": 1,
        "Wrong Reviews": 0,
        "Date last reviewed": NaN,
        "MCQIDS": NaN
      },
      {
        "S.no": 2,
        "Topic name": "Stains",
        "Correct Reviews": 1,
        "Wrong Reviews": 0,
        "Date last reviewed": NaN,
        "MCQIDS": NaN
      },
      {
        "S.no": 3,
        "Topic name": "Adipocere and mummification",
        "Correct Reviews": 1,
        "Wrong Reviews": 0,
        "Date last reviewed": NaN,
        "MCQIDS": NaN
      },
      {
        "S.no": 4,
        "Topic name": "Age of ossification",
        "Correct Reviews": 1,
        "Wrong Reviews": 0,
        "Date last reviewed": NaN,
        "MCQIDS": NaN
      },
      {
        "S.no": 5,
        "Topic name": "Sex determination by bones",
        "Correct Reviews": 1,
        "Wrong Reviews": 0,
        "Date last reviewed": NaN,
        "MCQIDS": NaN
      }
    ]
  },
  "MEDICINE": {
    "topic_count": 14,
    "sample_topics": [
      {
        "S.no": 1,
        "Topic name": "Receptors and their pathways",
        "Correct Reviews": 1,
        "Wrong Reviews": 0,
        "Date last reviewed": NaN,
        "MCQIDS": NaN
      },
      {
        "S.no": 2,
        "Topic name": "Anti-Diabetic Drugs: Special Indications and Side effects",
        "Correct Reviews": 1,
        "Wrong Reviews": 0,
        "Date last reviewed": NaN,
        "MCQIDS": NaN
      },
      {
        "S.no": 3,
        "Topic name": "Diagnostic Criteria for DKA (Diabetic Ketoacidosis)",
        "Correct Reviews": 1,
        "Wrong Reviews": 0,
        "Date last reviewed": NaN,
        "MCQIDS": NaN
      },
      {
        "S.no": 4,
        "Topic name": "Drugs of Bone & Calcium Metabolism",
        "Correct Reviews": 1,
        "Wrong Reviews": 0,
        "Date last reviewed": NaN,
        "MCQIDS": NaN
      },
      {
        "S.no": 5,
        "Topic name": "Hypercortisolism",
        "Correct Reviews": 1,
        "Wrong Reviews": 0,
        "Date last reviewed": NaN,
        "MCQIDS": NaN
      }
    ]
  },
  "SURGERY": {
    "topic_count": 95,
    "sample_topics": [
      {
        "S.no": 1,
        "Topic name": "GI Tract",
        "Correct Reviews": 1,
        "Wrong Reviews": 0,
        "Date last reviewed": NaN,
        "MCQIDS": NaN
      },
      {
        "S.no": 2,
        "Topic name": "Esophagus",
        "Correct Reviews": 1,
        "Wrong Reviews": 0,
        "Date last reviewed": NaN,
        "MCQIDS": NaN
      },
      {
        "S.no": 3,
        "Topic name": "Motility disorders \u2013 barium and manometry",
        "Correct Reviews": 1,
        "Wrong Reviews": 0,
        "Date last reviewed": NaN,
        "MCQIDS": NaN
      },
      {
        "S.no": 4,
        "Topic name": "Carcinoma of the esophagus surgery",
        "Correct Reviews": 1,
        "Wrong Reviews": 0,
        "Date last reviewed": NaN,
        "MCQIDS": NaN
      },
      {
        "S.no": 5,
        "Topic name": "Zenker\u2019s diverticulum imaging",
        "Correct Reviews": 1,
        "Wrong Reviews": 0,
        "Date last reviewed": NaN,
        "MCQIDS": NaN
      }
    ]
  },
  "OBG": {
    "topic_count": 18,
    "sample_topics": [
      {
        "S.no": 1,
        "Topic name": "Obstetrics",
        "Correct Reviews": 1,
        "Wrong Reviews": 0,
        "Date last reviewed": NaN,
        "MCQIDS": NaN
      },
      {
        "S.no": 2,
        "Topic name": "Hypertensive disorders of pregnancy",
        "Correct Reviews": 1,
        "Wrong Reviews": 0,
        "Date last reviewed": NaN,
        "MCQIDS": NaN
      },
      {
        "S.no": 3,
        "Topic name": "Antepartum Hemorrhage (APH)",
        "Correct Reviews": 1,
        "Wrong Reviews": 0,
        "Date last reviewed": NaN,
        "MCQIDS": NaN
      },
      {
        "S.no": 4,
        "Topic name": "Postpartum Hemorrhage (PPH)",
        "Correct Reviews": 1,
        "Wrong Reviews": 0,
        "Date last reviewed": NaN,
        "MCQIDS": NaN
      },
      {
        "S.no": 5,
        "Topic name": "Amniotic Fluid Embolism",
        "Correct Reviews": 1,
        "Wrong Reviews": 0,
        "Date last reviewed": NaN,
        "MCQIDS": NaN
      }
    ]
  },
  "PEDIATRICS": {
    "topic_count": 67,
    "sample_topics": [
      {
        "S.no": 1,
        "Topic name": "Respiratory System",
        "Correct Reviews": 1,
        "Wrong Reviews": 0,
        "Date last reviewed": NaN,
        "MCQIDS": NaN
      },
      {
        "S.no": 2,
        "Topic name": "Pneumonia",
        "Correct Reviews": 1,
        "Wrong Reviews": 0,
        "Date last reviewed": NaN,
        "MCQIDS": NaN
      },
      {
        "S.no": 3,
        "Topic name": "Croup",
        "Correct Reviews": 1,
        "Wrong Reviews": 0,
        "Date last reviewed": NaN,
        "MCQIDS": NaN
      },
      {
        "S.no": 4,
        "Topic name": "Acute Epiglottitis",
        "Correct Reviews": 1,
        "Wrong Reviews": 0,
        "Date last reviewed": NaN,
        "MCQIDS": NaN
      },
      {
        "S.no": 5,
        "Topic name": "Stridor",
        "Correct Reviews": 1,
        "Wrong Reviews": 0,
        "Date last reviewed": NaN,
        "MCQIDS": NaN
      }
    ]
  },
  "ORTHOPEDICS": {
    "topic_count": 3,
    "sample_topics": [
      {
        "S.no": 1,
        "Topic name": "A",
        "Correct Reviews": 1,
        "Wrong Reviews": 0,
        "Date last reviewed": NaN,
        "MCQIDS": NaN
      },
      {
        "S.no": 2,
        "Topic name": "B",
        "Correct Reviews": 1,
        "Wrong Reviews": 0,
        "Date last reviewed": NaN,
        "MCQIDS": NaN
      },
      {
        "S.no": 3,
        "Topic name": "C",
        "Correct Reviews": 1,
        "Wrong Reviews": 0,
        "Date last reviewed": NaN,
        "MCQIDS": NaN
      }
    ]
  },
  "ANESTHESIOLOGY": {
    "topic_count": 5,
    "sample_topics": [
      {
        "S.no": 1,
        "Topic name": "Capnography",
        "Correct Reviews": 1,
        "Wrong Reviews": 0,
        "Date last reviewed": NaN,
        "MCQIDS": NaN
      },
      {
        "S.no": 2,
        "Topic name": "High Flow Nasal Cannula",
        "Correct Reviews": 1,
        "Wrong Reviews": 0,
        "Date last reviewed": NaN,
        "MCQIDS": NaN
      },
      {
        "S.no": 3,
        "Topic name": "Pre-Anesthetic Agents",
        "Correct Reviews": 1,
        "Wrong Reviews": 0,
        "Date last reviewed": NaN,
        "MCQIDS": NaN
      },
      {
        "S.no": 4,
        "Topic name": "CPR (Cardiopulmonary Resuscitation)",
        "Correct Reviews": 1,
        "Wrong Reviews": 0,
        "Date last reviewed": NaN,
        "MCQIDS": NaN
      },
      {
        "S.no": 5,
        "Topic name": "Local Anesthetics",
        "Correct Reviews": 1,
        "Wrong Reviews": 0,
        "Date last reviewed": NaN,
        "MCQIDS": NaN
      }
    ]
  },
  "RADIOLOGY": {
    "topic_count": 3,
    "sample_topics": [
      {
        "S.no": 1,
        "Topic name": "A",
        "Correct Reviews": 1,
        "Wrong Reviews": 0,
        "Date last reviewed": NaN,
        "MCQIDS": NaN
      },
      {
        "S.no": 2,
        "Topic name": "B",
        "Correct Reviews": 1,
        "Wrong Reviews": 0,
        "Date last reviewed": NaN,
        "MCQIDS": NaN
      },
      {
        "S.no": 3,
        "Topic name": "C",
        "Correct Reviews": 1,
        "Wrong Reviews": 0,
        "Date last reviewed": NaN,
        "MCQIDS": NaN
      }
    ]
  },
  "DERMATOLOGY": {
    "topic_count": 52,
    "sample_topics": [
      {
        "S.no": 1,
        "Topic name": "Basics of Dermatology",
        "Correct Reviews": 1,
        "Wrong Reviews": 0,
        "Date last reviewed": NaN,
        "MCQIDS": NaN
      },
      {
        "S.no": 2,
        "Topic name": "Structure of the epidermis & dermis",
        "Correct Reviews": 1,
        "Wrong Reviews": 0,
        "Date last reviewed": NaN,
        "MCQIDS": NaN
      },
      {
        "S.no": 3,
        "Topic name": "Skin lesions",
        "Correct Reviews": 1,
        "Wrong Reviews": 0,
        "Date last reviewed": NaN,
        "MCQIDS": NaN
      },
      {
        "S.no": 4,
        "Topic name": "Vesiculobullous Disorders",
        "Correct Reviews": 1,
        "Wrong Reviews": 0,
        "Date last reviewed": NaN,
        "MCQIDS": NaN
      },
      {
        "S.no": 5,
        "Topic name": "Pemphigus vulgaris",
        "Correct Reviews": 1,
        "Wrong Reviews": 0,
        "Date last reviewed": NaN,
        "MCQIDS": NaN
      }
    ]
  },
  "PSYCHIATRY": {
    "topic_count": 3,
    "sample_topics": [
      {
        "S.no": 1,
        "Topic name": "A",
        "Correct Reviews": 1,
        "Wrong Reviews": 0,
        "Date last reviewed": NaN,
        "MCQIDS": NaN
      },
      {
        "S.no": 2,
        "Topic name": "B",
        "Correct Reviews": 1,
        "Wrong Reviews": 0,
        "Date last reviewed": NaN,
        "MCQIDS": NaN
      },
      {
        "S.no": 3,
        "Topic name": "C",
        "Correct Reviews": 1,
        "Wrong Reviews": 0,
        "Date last reviewed": NaN,
        "MCQIDS": NaN
      }
    ]
  }
}